{"cameraMode":{"drawMode":0,"name":"Shaded","section":"Shading Mode"},"sceneLighting":false,"audioPlay":false,"sceneViewState":{"m_AlwaysRefresh":false,"showFog":true,"showSkybox":true,"showFlares":true,"showImageEffects":true,"showParticleSystems":true,"showVisualEffectGraphs":true,"m_FxEnabled":false},"in2DMode":false,"pivot":{"x":-1.6870018243789673,"y":0.834456205368042,"z":29.39310646057129},"rotation":{"x":0.13783694803714753,"y":-0.022288385778665544,"z":0.0031053328420966865,"w":0.9902142286300659},"size":13.47159194946289,"orthographic":false}