{"cameraMode":{"drawMode":0,"name":"Shaded","section":"Shading Mode"},"sceneLighting":false,"audioPlay":false,"sceneViewState":{"m_AlwaysRefresh":false,"showFog":true,"showSkybox":false,"showFlares":true,"showImageEffects":true,"showParticleSystems":true,"showVisualEffectGraphs":true,"m_FxEnabled":true},"in2DMode":false,"pivot":{"x":-2.7112884521484377,"y":-4.513617038726807,"z":-0.07133138179779053},"rotation":{"x":-0.33912980556488039,"y":0.5522761940956116,"z":-0.26190289855003359,"w":-0.7151403427124023},"size":10.260340690612793,"orthographic":false}