{"cameraMode":{"drawMode":0,"name":"Shaded","section":"Shading Mode"},"sceneLighting":false,"audioPlay":false,"sceneViewState":{"m_AlwaysRefresh":false,"showFog":true,"showSkybox":false,"showFlares":true,"showImageEffects":true,"showParticleSystems":true,"showVisualEffectGraphs":true,"m_FxEnabled":true},"in2DMode":false,"pivot":{"x":1.6750456094741822,"y":0.48340296745300295,"z":4.867412090301514},"rotation":{"x":-0.11852705478668213,"y":-0.5940893292427063,"z":0.08906904608011246,"w":-0.7906360626220703},"size":2.036661148071289,"orthographic":false}