{"cameraMode":{"drawMode":0,"name":"Shaded","section":"Shading Mode"},"sceneLighting":false,"audioPlay":false,"sceneViewState":{"m_AlwaysRefresh":false,"showFog":true,"showSkybox":false,"showFlares":true,"showImageEffects":true,"showParticleSystems":true,"showVisualEffectGraphs":true,"m_FxEnabled":true},"in2DMode":false,"pivot":{"x":4.842792510986328,"y":0.28652095794677737,"z":10.404211044311524},"rotation":{"x":-0.12571801245212556,"y":-0.06335006654262543,"z":0.008051111362874508,"w":-0.9900223612785339},"size":20.31870460510254,"orthographic":false}